OBJECTID,ZIP,NAME,ZIPTYPE,STATE,STATEFIPS,COUNTYFIPS,COUNTYNAME,S3DZIP,LAT,LON,EMPTYCOL,TOTRESCNT,MFDU,SFDU,BOXCNT,BIZCNT,RELVER,COLOR,GlobalID,SHAPESTArea,SHAPESTLength,population
4,15057,BAKERSTOWN,NON-UNIQUE,PA,42,42003,ALLEGHENY,150,40.36161,-80.24237, ,173,0,107,66,55,1.9.3,10,{4768B869-6BC2-4B77-8DC7-A3BB678888D1},13371212.19,20129.30812,6738
4,15206,BAKERSTOWN,NON-UNIQUE,PA,42,42003,ALLEGHENY,150,40.46771,-79.91111, ,173,0,107,66,55,1.9.3,10,{4768B869-6BC2-4B77-8DC7-A3BB678888D1},13371212.19,20129.30812,22090
4,15214,BAKERSTOWN,NON-UNIQUE,PA,42,42003,ALLEGHENY,150,40.48322,-80.01592, ,173,0,107,66,55,1.9.3,10,{4768B869-6BC2-4B77-8DC7-A3BB678888D1},13371212.19,20129.30812,12010
4,15229,BAKERSTOWN,NON-UNIQUE,PA,42,42003,ALLEGHENY,150,40.51733,-80.03548, ,173,0,107,66,55,1.9.3,10,{4768B869-6BC2-4B77-8DC7-A3BB678888D1},13371212.19,20129.30812,13410
4,15228,BAKERSTOWN,NON-UNIQUE,PA,42,42003,ALLEGHENY,150,40.36881,-80.04389, ,173,0,107,66,55,1.9.3,10,{4768B869-6BC2-4B77-8DC7-A3BB678888D1},13371212.19,20129.30812,17180
4,15108,BAKERSTOWN,NON-UNIQUE,PA,42,42003,ALLEGHENY,150,40.50904,-80.19464, ,173,0,107,66,55,1.9.3,10,{4768B869-6BC2-4B77-8DC7-A3BB678888D1},13371212.19,20129.30812,37850
4,15101,BAKERSTOWN,NON-UNIQUE,PA,42,42003,ALLEGHENY,150,40.57639,-79.95065, ,173,0,107,66,55,1.9.3,10,{4768B869-6BC2-4B77-8DC7-A3BB678888D1},13371212.19,20129.30812,24110
4,15146,BAKERSTOWN,NON-UNIQUE,PA,42,42003,ALLEGHENY,150,40.42356,-79.76077, ,173,0,107,66,55,1.9.3,10,{4768B869-6BC2-4B77-8DC7-A3BB678888D1},13371212.19,20129.30812,25680
4,15037,BAKERSTOWN,NON-UNIQUE,PA,42,42003,ALLEGHENY,150,40.25927,-79.85312, ,173,0,107,66,55,1.9.3,10,{4768B869-6BC2-4B77-8DC7-A3BB678888D1},13371212.19,20129.30812,9730
4,15024,BAKERSTOWN,NON-UNIQUE,PA,42,42003,ALLEGHENY,150,40.58028,-79.84528, ,173,0,107,66,55,1.9.3,10,{4768B869-6BC2-4B77-8DC7-A3BB678888D1},13371212.19,20129.30812,7970
4,15108,BAKERSTOWN,NON-UNIQUE,PA,42,42003,ALLEGHENY,150,40.50904,-80.19464, ,173,0,107,66,55,1.9.3,10,{4768B869-6BC2-4B77-8DC7-A3BB678888D1},13371212.19,20129.30812,37850
4,15106,BAKERSTOWN,NON-UNIQUE,PA,42,42003,ALLEGHENY,150,40.40674,-80.1113, ,173,0,107,66,55,1.9.3,10,{4768B869-6BC2-4B77-8DC7-A3BB678888D1},13371212.19,20129.30812,16810
4,15236,BAKERSTOWN,NON-UNIQUE,PA,42,42003,ALLEGHENY,150,40.34978,-79.97652, ,173,0,107,66,55,1.9.3,10,{4768B869-6BC2-4B77-8DC7-A3BB678888D1},13371212.19,20129.30812,29410
4,15237,BAKERSTOWN,NON-UNIQUE,PA,42,42003,ALLEGHENY,150,40.54613,-80.04893, ,173,0,107,66,55,1.9.3,10,{4768B869-6BC2-4B77-8DC7-A3BB678888D1},13371212.19,20129.30812,42230
4,15007,BAKERSTOWN,NON-UNIQUE,PA,42,42003,ALLEGHENY,150,40.65668829,-79.93212966, ,173,0,107,66,55,1.9.3,10,{4768B869-6BC2-4B77-8DC7-A3BB678888D1},13371212.19,20129.30812,360
5,15014,BRACKENRIDGE,NON-UNIQUE,PA,42,42003,ALLEGHENY,150,40.60796437,-79.74083155, ,1493,59,1396,38,76,1.9.3,5,{D7938129-8427-49A4-8C6C-3A19848432D4},15153375.58,16855.54643,2650
6,15015,BRADFORD WOODS,NON-UNIQUE,PA,42,42003,ALLEGHENY,150,40.6364525,-80.08523523, ,525,0,430,95,56,1.9.3,10,{BABB5D5E-1FF4-4E03-BBAB-B84CBB5BFB31},26137182.49,33453.2622,1290
8,15018,BUENA VISTA,NON-UNIQUE,PA,42,42003,ALLEGHENY,150,40.28940773,-79.79123687, ,415,0,286,129,22,1.9.3,11,{4E2C2FAA-7976-4BEF-8119-BBB65C2F7014},60912852.86,76474.95128,750
12,15025,CLAIRTON,NON-UNIQUE,PA,42,42003,ALLEGHENY,150,40.28416284,-79.91537341, ,7218,277,6768,173,494,1.9.3,0,{86730D4E-BBA9-4B57-8336-A444594F7E27},455845931,178965.4012,15150
14,15034,DRAVOSBURG,NON-UNIQUE,PA,42,42003,ALLEGHENY,150,40.34944,-79.88822, ,979,0,950,29,104,1.9.3,6,{C7A863B3-22E1-42B1-A368-872E83B4A9CC},29885395.68,27557.18718,1350
15,15030,CREIGHTON,NON-UNIQUE,PA,42,42003,ALLEGHENY,150,40.58806677,-79.77999562, ,532,1,491,40,64,1.9.3,0,{5E20E33C-05C8-49F4-A63F-B29340E9BC6E},46031782.03,61125.20597,850
19,15035,EAST MC KEESPORT,NON-UNIQUE,PA,42,42003,ALLEGHENY,150,40.39846801,-79.81833267, ,1141,51,1062,28,70,1.9.3,10,{5727D3B9-700D-43F7-B621-1FFACDA2A5B9},11959237.57,18567.54652,1770
23,15046,CRESCENT,NON-UNIQUE,PA,42,42003,ALLEGHENY,150,40.55563839,-80.22832411, ,1116,0,1060,56,63,1.9.3,0,{14AA359E-C043-4826-B9E7-450800598D51},63556112.97,37940.4317,2360
25,15049,HARWICK,NON-UNIQUE,PA,42,42003,ALLEGHENY,150,40.55594268,-79.80560481, ,546,0,463,83,23,1.9.3,15,{CEC8C572-1900-45CE-88AF-EC3E199852EF},18921596.35,26044.3527,860
30,15064,MORGAN,NON-UNIQUE,PA,42,42003,ALLEGHENY,150,40.3570462,-80.14755828, ,197,0,160,37,54,1.9.3,12,{1FA645FE-C42C-4C6F-A8F7-575717E417F3},16646642.18,35948.48381,310
31,15065,NATRONA HEIGHTS,NON-UNIQUE,PA,42,42003,ALLEGHENY,150,40.64174598,-79.72652033, ,5339,309,4928,102,399,1.9.3,10,{99206AD3-D38B-4853-BBEA-632419299957},351431789,107847.7206,9890
38,15082,STURGEON,PO BOX,PA,42,42003,ALLEGHENY,150,40.38088936,-80.21310333, ,175,0,1,174,15,1.9.3,0,{68837542-C476-4E60-86D8-F67AD536E4E0},5299054.072,17954.82955,386
49,15110,DUQUESNE,NON-UNIQUE,PA,42,42003,ALLEGHENY,151,40.37243097,-79.85005849, ,2833,318,2383,132,169,1.9.3,6,{0572D3C0-9701-472C-B109-0FB3F73FC8EA},56208489.91,33842.84553,3950
50,15112,EAST PITTSBURGH,NON-UNIQUE,PA,42,42003,ALLEGHENY,151,40.406067,-79.83876378, ,1830,154,1595,81,141,1.9.3,12,{5B39C659-1E8C-4F25-AAA4-DCE9E7E6C0B6},22348819.98,30176.05391,2650
55,15129,SOUTH PARK,NON-UNIQUE,PA,42,42003,ALLEGHENY,151,40.29378767,-79.9950397, ,4690,836,3674,180,183,1.9.3,16,{5F1C6CBE-D261-464A-9F1D-673D4D5F1533},225518233.2,95746.6777,10260
56,15131,MCKEESPORT,NON-UNIQUE,PA,42,42003,ALLEGHENY,151,40.32513782,-79.80337403, ,3997,557,3440,0,286,1.9.3,8,{FA436401-5594-4ACC-9EDF-7B2AC0984C11},191887128.7,101771.8766,7280
57,15132,MCKEESPORT,NON-UNIQUE,PA,42,42003,ALLEGHENY,151,40.3392329,-79.84240455, ,9746,1144,8558,44,722,1.9.3,0,{0AD7F458-B319-4527-B1DB-235637FB63F6},175066843.1,89826.7393,14700
58,15133,MCKEESPORT,NON-UNIQUE,PA,42,42003,ALLEGHENY,151,40.32924545,-79.86396125, ,2949,121,2828,0,62,1.9.3,1,{D38FA47F-3240-46A4-9096-2A896FB4B4A6},96766099.84,54365.23993,5460
59,15135,MCKEESPORT,NON-UNIQUE,PA,42,42003,ALLEGHENY,151,40.30216627,-79.81469332, ,2192,280,1879,33,93,1.9.3,5,{760085A3-2A1B-44A4-9858-AEA6311684E9},109251869.4,78058.47862,4510
61,15137,NORTH VERSAILLES,NON-UNIQUE,PA,42,42003,ALLEGHENY,151,40.3780742,-79.80876604, ,5010,788,4114,108,384,1.9.3,15,{357A761E-C584-47FB-854E-E8C91C75BE69},219999450.5,109221.5236,8540
66,15144,SPRINGDALE,NON-UNIQUE,PA,42,42003,ALLEGHENY,151,40.54658212,-79.78534981, ,1976,159,1789,28,143,1.9.3,10,{17187878-280E-4EB3-A513-BC21F819466A},73813100.19,52560.09136,3580
70,15148,WILMERDING,NON-UNIQUE,PA,42,42003,ALLEGHENY,151,40.39963912,-79.81058502, ,1416,216,1166,34,109,1.9.3,5,{17E6865C-36C0-4B7C-9809-3D8720059F19},38116626.49,47791.78131,1860
73,15203,PITTSBURGH,NON-UNIQUE,PA,42,42003,ALLEGHENY,152,40.42585758,-79.97513245, ,5709,733,4799,177,888,1.9.3,12,{9B363D48-EAE2-4F39-AD8F-22506F5C60AA},48187458.35,46998.86723,6410
81,15211,PITTSBURGH,NON-UNIQUE,PA,42,42003,ALLEGHENY,152,40.43077203,-80.0151459, ,5893,901,4922,70,206,1.9.3,10,{4947BA7C-BC90-4825-B540-DA3311566C49},43394972.35,35501.91043,8560
83,15213,PITTSBURGH,NON-UNIQUE,PA,42,42003,ALLEGHENY,152,40.4430908,-79.95520627, ,11666,6940,4487,239,947,1.9.3,6,{EAF54ABC-E455-4BCB-B221-D579E1242754},76390588.09,62893.15956,7230
94,15224,PITTSBURGH,NON-UNIQUE,PA,42,42003,ALLEGHENY,152,40.46426325,-79.94511825, ,5113,845,4063,205,495,1.9.3,0,{38CD0F50-BE92-4378-A4FA-018342B795B0},27720746.45,34234.03032,7630
95,15225,PITTSBURGH,NON-UNIQUE,PA,42,42003,ALLEGHENY,152,40.50688702,-80.11220909, ,603,0,578,25,150,1.9.3,16,{73BB6FA5-B8CB-40D8-A292-C8AC931AEFC8},65384475.53,58702.99922,870
100,15232,PITTSBURGH,NON-UNIQUE,PA,42,42003,ALLEGHENY,152,40.45294179,-79.93224793, ,6796,4113,2604,79,441,1.9.3,5,{14540988-6754-4A8C-A748-6CB303426CC4},23034380.86,38951.13694,6760
107,15239,PITTSBURGH,NON-UNIQUE,PA,42,42003,ALLEGHENY,152,40.48743511,-79.73946234, ,8522,164,8256,102,532,1.9.3,6,{F85E598B-BC93-40B3-9C95-192AC8A5F4EC},477272204.9,143224.8491,20120
111,15261,PITTSBURGH,UNIQUE,PA,42,42003,ALLEGHENY,152,40.44655133,-79.95955977, ,0,0,0,0,0,1.9.3,5,{29ADE7CC-CBDF-49B0-B6C1-EB1045BE6051},305356.9332,2912.304475,0
112,15275,PITTSBURGH,UNIQUE,PA,42,42003,ALLEGHENY,152,40.45235707,-80.18180181, ,0,0,0,0,181,1.9.3,13,{6879EEB7-CBC2-4D52-B5D9-A5D5A8CEB5BF},38113227.32,55839.29324,13
113,15290,PITTSBURGH,UNIQUE,PA,42,42003,ALLEGHENY,152,40.45866861,-80.02204336, ,0,0,0,0,1,1.9.3,10,{930CCE98-4F12-478B-A825-6D529F798805},943404.9542,4925.956129,0
154,15006,BAIRDFORD,PO BOX,PA,42,42003,ALLEGHENY,150,40.63632608,-79.9466552, ,,,,,,1.9.3,12,{E34895F1-D822-4D51-ADD7-5A6EFD3CA15D},3706481.424,16964.49995,359
183,15051,INDIANOLA,NON-UNIQUE,PA,42,42003,ALLEGHENY,150,40.57959175,-79.86609649, ,243,0,201,42,45,1.9.3,10,{1A3867AA-9625-453F-83EA-73EBDFCB5927},12060159.05,18828.51823,360
216,15223,PITTSBURGH,NON-UNIQUE,PA,42,42003,ALLEGHENY,152,40.50611141,-79.95117001, ,3532,232,3272,28,283,1.9.3,12,{BF739C67-EFAE-4BAA-8CC3-BFC29FAEAE55},57907627.57,57572.68274,6180
237,15227,PITTSBURGH,NON-UNIQUE,PA,42,42003,ALLEGHENY,152,40.381338,-79.969707, ,13011,1522,11412,77,622,1.9.3,16,{E0E4D041-A766-4D78-8127-DFFBD17309A8},167853669.2,127309.3583,26790
255,16229,FREEPORT,NON-UNIQUE,PA,42,42003,ALLEGHENY,150,40.44291632,-79.98815211, ,,,,,,1.9.3,10,{9854CE82-59CB-4E16-A63F-D64920BD5EA6},2958958.863,9228.626161,4790
256,15282,PITTSBURGH,UNIQUE,PA,42,42003,ALLEGHENY,152,40.551918,-79.939899, ,,,,,,1.9.3,11,{90C0B91D-1527-4729-AFEE-C388E634A907},268656.1001,2301.323812,16
257,15276,PITTSBURGH,UNIQUE,PA,42,42003,ALLEGHENY,151,40.25059259,-79.86374335, ,,,,,,1.9.3,5,{9374F636-799D-4638-94BE-24CF19D4CC1A},3569755.207,9468.943497,0
258,15083,SUTERSVILLE,NON-UNIQUE,PA,42,42003,ALLEGHENY,150,40.36062103,-79.90927201, ,,,,,,1.9.3,11,{BB0BB666-A223-45A9-8674-A950C0F5983C},7938963.442,19272.49163,900
268,15088,WEST ELIZABETH,NON-UNIQUE,PA,42,42003,ALLEGHENY,150,40.45436768,-80.05936821, ,,,,,,1.9.3,10,{3F6DAE87-C96B-403D-B589-CB7F3696195C},8432856.041,23978.23827,631
277,15116,GLENSHAW,NON-UNIQUE,PA,42,42003,ALLEGHENY,151,40.40180177,-80.03433406, ,6093,86,5931,76,374,1.9.3,5,{993779CB-C9F6-4CDC-AA88-A7C006E9E836},217504951.8,126418.8107,13950
296,15122,WEST MIFFLIN,NON-UNIQUE,PA,42,42003,ALLEGHENY,151,40.32221149,-80.03642213, ,9167,631,8491,45,472,1.9.3,5,{DF2BE71D-F1BC-4056-90F7-C0698B4FDA01},361511152.4,163434.4718,17260
298,15204,PITTSBURGH,NON-UNIQUE,PA,42,42003,ALLEGHENY,152,40.36961247,-80.01796048, ,3645,112,3484,49,139,1.9.3,10,{478BB633-2446-4D0B-AA3F-EFBEF91D5202},55186568.3,39471.05816,6820
302,15216,PITTSBURGH,NON-UNIQUE,PA,42,42003,ALLEGHENY,152,40.39606444,-79.90626658, ,11008,1817,9054,137,535,1.9.3,6,{3138C4F5-5CEE-43E0-8933-0F0E7AA1EEBA},95072943.46,80998.30854,19990
307,15102,BETHEL PARK,NON-UNIQUE,PA,42,42003,ALLEGHENY,151,40.34316582,-80.13009131, ,12769,1668,10948,153,861,1.9.3,6,{2EB816EA-46E9-4C7B-886A-99FA183C4EC3},294835798.8,97983.29911,28950
309,15234,PITTSBURGH,NON-UNIQUE,PA,42,42003,ALLEGHENY,152,40.49616648,-79.91664792, ,6819,1034,5562,223,722,1.9.3,5,{417599F8-E171-4B7C-9BED-1E224FA43843},93918859,87467.18128,12670
313,15120,HOMESTEAD,NON-UNIQUE,PA,42,42003,ALLEGHENY,151,40.53502586,-79.88243085, ,9303,1035,8024,244,651,1.9.3,6,{333855ED-238E-4219-BF3A-1B03E620B6BE},139153748.1,60034.81942,15350
336,15017,BRIDGEVILLE,NON-UNIQUE,PA,42,42003,ALLEGHENY,150,40.295303,-79.801633, ,7437,1216,6065,156,865,1.9.3,6,{C8461EEC-98FC-41AC-BFF6-4877D311C01A},291929182.4,124008.5898,14880
370,15215,PITTSBURGH,NON-UNIQUE,PA,42,42003,ALLEGHENY,152,40.41645483,-79.82407788, ,5617,544,5014,59,486,1.9.3,7,{B4B258BE-AD4C-428E-B5F6-BF42D3C37FF9},167816596.8,69647.34796,11150
376,15139,OAKMONT,NON-UNIQUE,PA,42,42003,ALLEGHENY,151,40.4017865,-79.85603257, ,3161,465,2616,80,379,1.9.3,6,{7921DED5-1C74-4B9A-BCE0-3911444F9916},79554518.83,45520.32085,6080
460,15028,COULTERS,PO BOX,PA,42,42003,ALLEGHENY,150,40.64717864,-80.0953598,,87,,1,86,3,1.9.3,6,{C6C99F73-FF1E-4BF8-B844-F3B6496E9EF9},8293716.108,15909.87668,170
527,15145,TURTLE CREEK,NON-UNIQUE,PA,42,42003,ALLEGHENY,151,40.38040138,-80.12099328, ,3559,307,3164,88,236,1.9.3,17,{E2ED0CB5-5DDA-4EF4-AE3F-BA6BF6002261},57210408.35,66680.25476,5720
592,15104,BRADDOCK,NON-UNIQUE,PA,42,42003,ALLEGHENY,151,40.72386263,-79.83905753, ,4136,427,3564,145,254,1.9.3,10,{6FCB909B-8979-4323-8B89-4A7AD707C3BF},79297702.1,45881.64036,6020
678,15086,WARRENDALE,NON-UNIQUE,PA,42,42003,ALLEGHENY,150,40.55494408,-79.70895869, ,157,0,93,64,229,1.9.3,10,{96EBB7AC-2CE6-404C-97A8-EBC16ADD2540},60175254.61,67641.13706,560
853,15142,PRESTO,NON-UNIQUE,PA,42,42003,ALLEGHENY,151,40.64337237,-80.16605706, ,1037,0,919,118,30,1.9.3,5,{50A22C3C-87AF-4B8F-89F4-05FD32B80F25},55528134.8,56051.20417,1860
858,16056,SAXONBURG,NON-UNIQUE,PA,42,42019,BUTLER,160,40.46510414,-79.66682253, ,2291,249,1700,342,201,1.9.3,7,{C3794FFA-46DD-4A2F-A8FF-46BC033ED71B},4073627.661,10411.27277,4530
859,15068,NEW KENSINGTON,NON-UNIQUE,PA,42,42129,WESTMORELAND,150,40.30204562,-79.70319636, ,17680,1375,15906,399,1146,1.9.3,12,{EEFF2771-2F98-48DE-9CAC-49F84B3E8679},265940330.6,106325.7101,32940
860,15005,BADEN,NON-UNIQUE,PA,42,42007,BEAVER,150,40.38481212,-79.71904635, ,4086,243,3793,50,176,1.9.3,12,{21A801BB-C8D9-4EE7-838E-52470EAEBC48},107502529,63765.7216,8750
882,15668,MURRYSVILLE,NON-UNIQUE,PA,42,42129,WESTMORELAND,156,40.21590808,-79.74185899, ,5479,176,5150,153,580,1.9.3,11,{9F5E022A-36CD-4B19-9299-55001E2AD4DA},1415192.66,6827.402777,13210
883,15642,IRWIN,NON-UNIQUE,PA,42,42129,WESTMORELAND,156,40.51234159,-80.37390453, ,18756,870,17657,229,1111,1.9.3,7,{94796352-FF04-4F83-8620-FCD7904D7C43},3219169.314,10178.42505,44170
884,15085,TRAFFORD,NON-UNIQUE,PA,42,42129,WESTMORELAND,150,40.32301892,-80.18939955, ,3452,104,3305,43,189,1.9.3,5,{1EAD1C8E-705B-4221-B6BB-D28A573375AB},8007703.133,26498.62244,7480
886,15089,WEST NEWTON,NON-UNIQUE,PA,42,42129,WESTMORELAND,150,40.33186282,-80.0828404, ,2881,139,2681,61,177,1.9.3,13,{17006982-B31E-4199-B529-CF78EB4BC0C1},9552768.355,16286.46805,5560
893,15026,CLINTON,NON-UNIQUE,PA,42,42007,BEAVER,150,40.23664564,-79.98846347, ,1457,0,1205,252,90,1.9.3,0,{060219CD-1215-491C-ADD3-15E31994CA1A},146116693.7,94686.86476,4040
900,15321,CECIL,NON-UNIQUE,PA,42,42125,WASHINGTON,153,40.20063939,-79.92817274, ,796,0,658,138,74,1.9.3,10,{E0DC3A5E-59AC-4686-BD65-AB36B2F6AF97},2168855.931,6296.99797,1610
903,15241,PITTSBURGH,NON-UNIQUE,PA,42,42003,ALLEGHENY,152,40.39597226,-80.01427671, ,7820,658,7027,135,888,1.9.3,15,{AEE5E07F-EF87-4E93-90E0-F7E81B93CA30},277911662.2,103637.9258,22040
905,15332,FINLEYVILLE,NON-UNIQUE,PA,42,42125,WASHINGTON,153,40.398646,-79.933936, ,3572,106,3403,63,164,1.9.3,5,{B42E936B-EC34-4D0B-A442-5BAA8E985422},96437017.33,68925.21363,7490
908,15063,MONONGAHELA,NON-UNIQUE,PA,42,42125,WASHINGTON,150,40.63261124,-79.83747527, ,5130,157,4851,122,339,1.9.3,11,{00DD3ADA-FF13-44A8-910C-B7C4BAA97BD8},352188228.4,123907.9413,9830
2116,15226,PITTSBURGH,NON-UNIQUE,PA,42,42003,ALLEGHENY,152,40.6109096,-79.83650823, ,6578,603,5908,67,367,1.9.3,11,{09780AB6-B857-4B38-A56A-D6D3581ABFD2},71209724.19,56391.61699,11930
3732,15207,PITTSBURGH,NON-UNIQUE,PA,42,42003,ALLEGHENY,151,40.50084865,-79.97402649, ,5309,344,4885,80,221,1.9.3,5,{1224E878-50CE-407F-B26C-8C0345828818},138554333.4,124000.3142,8780
4509,15075,RURAL RIDGE,PO BOX,PA,42,42003,ALLEGHENY,150,40.70351862,-79.93065089, ,90,0,1,89,14,1.9.3,5,{C905BDB3-EC1C-4CA0-9E61-2829DF059A4B},1766234.969,10219.52213,207
8113,15076,RUSSELLTON,NON-UNIQUE,PA,42,42003,ALLEGHENY,150,40.37220649,-80.07521033, ,518,40,344,134,78,1.9.3,15,{E1D40D22-317D-4798-BC57-51EA3506E64D},33472845.45,50382.06597,810
26920,15209,PITTSBURGH,NON-UNIQUE,PA,42,42003,ALLEGHENY,152,40.4070605,-80.17620598, ,5733,318,5354,61,344,1.9.3,10,{FF8622D8-3B88-4340-934B-43462715996E},135299105.1,102525.4101,10970
26921,16059,VALENCIA,NON-UNIQUE,PA,42,42019,BUTLER,160,40.43935,-80.10208, ,3286,0,3088,198,188,1.9.3,11,{FF7EA897-E227-4495-8FE0-C56D26137DCE},23479564.66,43635.62053,9140
45053,15243,PITTSBURGH,NON-UNIQUE,PA,42,42003,ALLEGHENY,152,40.62165889,-80.06218593, ,5679,754,4841,84,232,1.9.3,5,{C0BF2DC2-6B9A-45AC-B700-3E7C0508718E},79720454.79,62965.10731,13340
45054,15231,PITTSBURGH,UNIQUE,PA,42,42003,ALLEGHENY,151,40.56545938,-80.21316383, ,,,,,,1.9.3,15,{48935354-E8B0-4E13-A8D8-A9BB99E1C627},165817408.7,57540.41493,0
51869,15136,MCKEES ROCKS,NON-UNIQUE,PA,42,42003,ALLEGHENY,151,40.32654473,-79.886074, ,9910,678,9056,176,759,1.9.3,11,{54A214A1-E5B3-4F76-9F55-658FB5FF37B3},305410007.9,133055.0283,20030
54725,16046,MARS,NON-UNIQUE,PA,42,42003,ALLEGHENY,150,40.61473817,-79.80443624, ,5311,0,4517,794,479,1.9.3,11,{C5D9E227-8869-45D5-802E-58533391FB19},99269553.04,105846.0329,18170
58474,15056,LEETSDALE,NON-UNIQUE,PA,42,42003,ALLEGHENY,150,40.4968904,-79.82986158, ,569,65,471,33,127,1.9.3,5,{D6088F5E-503C-454A-BA51-6581B63067C2},31154320.99,28632.28053,950
59289,15045,GLASSPORT,NON-UNIQUE,PA,42,42003,ALLEGHENY,150,40.43174313,-79.86487858, ,2155,56,2013,86,140,1.9.3,11,{BD86C225-B5BC-4247-9176-92B850850AC6},48239058.81,35487.56149,3500
60129,15090,WEXFORD,NON-UNIQUE,PA,42,42003,ALLEGHENY,150,40.43135754,-79.92139908, ,7978,685,7121,172,1154,1.9.3,11,{74772505-7194-4A6A-A583-140CD6D0C836},616851537.2,229636.3554,23900
60947,15084,TARENTUM,NON-UNIQUE,PA,42,42003,ALLEGHENY,150,40.45789522,-80.02901278, ,4538,346,4134,58,472,1.9.3,6,{C0D9CA0E-168D-40E2-94DE-CE213A464BD3},800580606.8,250394.143,8360
61732,15147,VERONA,NON-UNIQUE,PA,42,42003,ALLEGHENY,151,40.5772,-80.14836, ,8048,830,7137,81,386,1.9.3,5,{C8E9D743-01FF-40E1-91A9-E253F403936E},282793003.4,136677.3289,13980
61733,15235,PITTSBURGH,NON-UNIQUE,PA,42,42003,ALLEGHENY,152,40.40577,-79.98366, ,16490,1458,14740,292,1183,1.9.3,10,{708511D6-B6D1-46F4-BDFF-867C2ADFD9D7},394234599.6,194964.8499,30560
63755,15238,PITTSBURGH,NON-UNIQUE,PA,42,42003,ALLEGHENY,152,40.63557,-79.95125, ,5995,584,5205,206,967,1.9.3,6,{32CA1374-D3CD-4AF1-940E-E68DFEEA299E},495038974.5,176787.5951,12850
65789,15220,PITTSBURGH,NON-UNIQUE,PA,42,42003,ALLEGHENY,152,40.45115,-79.90095, ,8442,2526,5865,51,797,1.9.3,5,{A22AF33B-BCD9-4AAB-BE12-C1C27FD451C1},138586168.6,154707.3404,16460
65793,15217,PITTSBURGH,NON-UNIQUE,PA,42,42003,ALLEGHENY,152,40.4478,-79.99355, ,12495,3165,9119,211,798,1.9.3,15,{FDF46A10-9ECB-443E-AB23-31661B1326A6},110682059.3,69723.41634,21290
65795,15233,PITTSBURGH,NON-UNIQUE,PA,42,42003,ALLEGHENY,152,40.50904,-80.19464, ,1690,396,998,296,535,1.9.3,5,{67DC5634-B394-4CF6-92D7-E2C76D3CC29B},46791331.8,38878.02755,2120
65798,15143,SEWICKLEY,NON-UNIQUE,PA,42,42003,ALLEGHENY,,40.4097,-79.77642,,,,,,,,,{E970DB91-0062-40EF-A631-87BF4885FFEA},940999710.5,164671.6079,21220
65799,15210,PITTSBURGH,NON-UNIQUE,PA,42,42003,ALLEGHENY,,40.58028,-79.84528,,,,,,,,,{EE7DBADA-FAA2-471A-A5C3-6DDD8D3D89CE},130594332.7,95748.21685,20140
65800,15289,PITTSBURGH,UNIQUE,PA,42,42003,ALLEGHENY,152,40.46771,-79.91111, ,11666,6940,4487,239,947,1.9.3,6,{85468FD2-7F65-433B-A15B-7CB4D96B4014},397.6013794,80.25014734,123
65802,15044,GIIBSONIA,NON-UNIQUE,PA,42,42003,ALLEGHENY,,40.25927,-79.85312,,,,,,,,,{D92CD13C-648F-40A4-B132-BFF18ED5815E},1103880929,253527.6005,29140
65808,15208,PITTSBURGH,NON-UNIQUE,PA,,,,,40.35559,-80.17009,,,,,,,,,{1E4F943C-EA5B-4618-9BD8-91301E733A66},41466498.27,43016.88726,7770
65809,15222,PITTSBURGH,NON-UNIQUE,PA,,,,,40.57639,-79.95065,,,,,,,,,{E282E9C5-F0FA-4309-8EB9-A262A84EF732},32440064.08,41453.45587,3610
65810,15108,CORAOPOLIS,NON-UNIQUE,,,,,,40.47392,-79.95589,,,,,,,,,{30C6DF96-2E72-4A5E-8D90-F2B220B36A94},1005174451,273117.9222,37850
65813,15140,PITCAIRN,NON-UNIQUE,,,,,,40.40674,-80.1113,,,,,,,,,{2D1C07C0-DBD1-4669-8EA9-B8D5274F5E1F},15889820.86,31178.42143,2360
65814,15024,CHESWICK,NON-UNIQUE,,,,,,40.31121933,-79.79640995,,,,,,,,,{4B4F5D48-E076-4CAF-A08D-2EFD507FFEB5},478850342.3,211479.3611,7970
65815,15206,PITTSBURGH,NON-UNIQUE,,,,,,40.40664,-80.20095,,,,,,,,,{54E05A51-0AA5-4929-AA61-3EA8777C138A},139036255,79093.44892,22090
65816,15037,ELIZABETH,NON-UNIQUE,,,,,,40.54613,-80.04893,,,,,,,,,{9AA90FE0-E9D7-41DF-8A40-2D80A3C9682D},722927642.7,201604.019,9730
65818,15031,CUDDY,NON-UNIQUE,,,,,,40.42512,-79.89158,,,,,,,,,{C27E7FCB-A9FD-4048-A3DC-DACCFAD3E233},26566814.5,52747.89958,500
65819,15101,ALLISON PARK,NON-UNIQUE,,,,,,40.4677639,-80.05312347,,,,,,,,,{D32A2691-6F39-4658-B928-5C21DE015DC7},563607744.7,208924.9838,24110
65820,15201,PITTSBURGH,NON-UNIQUE,,,,,,40.21979141,-79.96302413,,,,,,,,,{DC3F0712-5F19-40C2-9DEF-5F77746BF43F},79551425.74,58577.61146,10560
65821,15106,CARNEGIE,NON-UNIQUE,,,,,,40.42693174,-79.759102,,,,,,,,,{E662DE05-3A97-44D2-B8E1-E8EC1C3A6F00},275826470.1,127142.3428,16810
65823,15126,IMPERIAL,NON-UNIQUE,PA,42,42003,ALLEGHENY,151,40.36161,-80.24237, ,3084,294,2663,127,235,1.9.3,15,{88B7D038-051C-4908-A042-A4306DEADA63},551109875.7,199048.3611,6730
65824,15047,GREENOCK,PO BOX,PA,42,42003,ALLEGHENY,150,40.60947689,-80.22024162, ,163,0,1,162,16,1.9.3,15,{D0843174-66EC-4E75-82B3-87CF445999DA},7581705.483,16838.18267,378
65825,15071,OAKDALE,NON-UNIQUE,,,,,,40.15614,-79.812132,,,,,,,,,{05FBF04B-C61D-4895-90C0-40F95244EF61},451156504.4,219439.975,10700
65826,15237,PITTSBURGH,NON-UNIQUE,,,,,,40.44332,-79.99734,,,,,,,,,{559E7294-995C-4069-B848-DA84DF1D1BBF},666624547.3,240333.6343,42230
65828,15032,CURTISVILLE,PO BOX,PA,42,42003,ALLEGHENY,150,40.38282012,-79.94502258, ,4538,346,4134,58,472,1.9.3,6,{DB50227E-70F4-42B6-8520-7459A48CA185},812.1033325,124.4636223,244
65833,15218,PITTSBURGH,NON-UNIQUE,,,,,,40.517189,-80.030806,,,,,,,,,{18474869-7ECE-4438-85F9-FB433D8614E1},69162517.64,47873.51572,11670
65837,15221,PITTSBURGH,NON-UNIQUE,PA,42,42003,ALLEGHENY,152,40.46775,-80.01214, ,16040,3486,12256,298,826,1.9.3,11,{FD9F8061-8A24-42E9-B338-E4E0AD2E4902},166180989.1,94732.73541,23860
65839,15205,PITTSBURGH,NON-UNIQUE,PA,42,42003,ALLEGHENY,152,40.48322,-80.01592, ,10831,1718,8997,116,1222,1.9.3,11,{0DA8A3EB-2BBC-4D9A-B932-9C9C9BF5E3E3},385084352.3,236307.108,20320
65841,15202,PITTSBURGH,NON-UNIQUE,PA,42,42003,ALLEGHENY,152,40.37072859,-80.04510354, ,14090,2933,10866,291,961,1.9.3,8,{596780DC-3492-441C-B852-8ED5E8E6875C},146614765.5,96608.04031,17220
